networkname,networkinstance,realparamnum,threshhold,gdtime,psotime,qcqptime,scatterclass
alarm,1,1,0.992000,0.000,0.2343001365661621,0.023238,alarm
alarm,2,2,0.991700,0.000,0.2258152961730957,0.026850,alarm
alarm,4,4,0.991500,0.001,0.24192166328430176,0.545139,alarm
alarm,8,8,0.990000,0.002,0.35374903678894043,0.027633,alarm
alarm,16,16,0.989200,0.010,10000,0.889363,alarm
alarm,32,32,0.921000,0.286,10000,18.051600,alarm
alarm,64,64,0.100000,0.863,10000,10000.000000,alarm
alarm,128,128,0.050000,1.228,10000,50.646556,alarm
alarm,256,210,0.020000,1.129,10000,74.708490,alarm
