networkname,networkinstance,realparamnum,threshhold,gdtime,psotime,qcqptime,scatterclass
sachs,1,1,0.660000,0.000,0.051021575927734375,0.025210,sachs
sachs,2,2,0.650000,0.000,0.040851593017578125,0.025546,sachs
sachs,4,4,0.640000,0.000,0.05383777618408203,0.025776,sachs
sachs,8,8,0.550000,0.001,0.2172527313232422,0.013153,sachs
sachs,16,16,0.250000,0.005,10000,0.354229,sachs
sachs,32,32,0.100000,0.031,10000,0.619091,sachs
sachs,64,64,0.050000,0.077,10000,1.359906,sachs
sachs,128,89,0.020000,0.160,21.293405055999756,2.111629,sachs
