networkname,networkinstance,realparamnum,threshhold,gdtime,psotime,qcqptime,scatterclass
win95pts,1,1,0.999800,0.001,1.5486400127410889,0.026155,win95pts
win95pts,2,2,0.999600,0.000,1.5519371032714844,0.025160,win95pts
win95pts,4,4,0.998000,0.001,1.537994623184204,0.406816,win95pts
win95pts,8,8,0.997500,0.006,1.6940851211547852,0.403473,win95pts
win95pts,32,32,0.972100,0.252,4.877050876617432,5.655137,win95pts
win95pts,64,64,0.900000,0.504,5.255910873413086,9.706276,win95pts
win95pts,128,128,0.100000,1.928,10000,10000.000000,win95pts
win95pts,256,256,0.050000,3.605,56.170939207077026,10000.000000,win95pts
win95pts,512,326,0.020000,4.365,10000,10000.000000,win95pts
